{"output":{"margins":{"n_votes":{"Abington":41,"Acton":46,"Acushnet":105,"Adams":322,"Agawam":-59,"Alford":-2,"Amesbury":141,"Amherst":65,"Andover":-82,"Aquinnah":7,"Arlington":901,"Ashburnham":71,"Ashby":70,"Ashfield":37,"Ashland":57,"Athol":41,"Attleboro":264,"Auburn":-6,"Avon":-22,"Ayer":19},"pct_votes":{"Abington":0.036091549295775,"Acton":0.021999043519847,"Acushnet":0.14664804469274,"Adams":0.52614379084967,"Agawam":-0.030040733197556,"Alford":-0.038461538461538,"Amesbury":0.097040605643496,"Amherst":0.022506925207756,"Andover":-0.025998731769182,"Aquinnah":0.093333333333333,"Arlington":0.12278550013628,"Ashburnham":0.23202614379085,"Ashby":0.3125,"Ashfield":0.12758620689655,"Ashland":0.055555555555556,"Athol":0.082995951417004,"Attleboro":0.14617940199336,"Auburn":-0.0058651026392962,"Avon":-0.06547619047619,"Ayer":0.049095607235142}},"margin_total":{"n_votes":32169,"pct_votes":0.059647886671055},"candidate":{"CandidateID":"36385859","first_name":"Martha","last_name":"Coakley","party":"Dem","id":"9549","CandidateToElection":{"n_votes":"228754","display_name":"Martha Coakley","party":"Democratic","candidate_id":"9549","pct_candidate_votes":0.42415656898102,"is_winner":1}},"opponent":{"CandidateID":"36386883","first_name":"Steve","last_name":"Grossman","party":"Dem","id":9793,"CandidateToElection":{"n_votes":"196585","display_name":"Steve Grossman","party":"Democratic","candidate_id":9793,"pct_candidate_votes":0.36450868230997,"is_winner":0}},"localities_reporting":["Abington","Acton","Acushnet","Adams","Agawam","Alford","Amesbury","Amherst","Andover","Aquinnah","Arlington","Ashburnham","Ashby","Ashfield","Ashland","Athol","Attleboro","Auburn","Avon","Ayer"]},"errors":{"flash_error":[],"flash_notify":[],"flash_success":[]}}