{"output":{"margins":{"n_votes":{"Abington":41,"Acton":46,"Acushnet":105,"Adams":322,"Agawam":-59,"Alford":-2,"Amesbury":141,"Amherst":65,"Andover":-82,"Aquinnah":7,"Arlington":901,"Ashburnham":71,"Ashby":70,"Ashfield":37,"Ashland":57,"Athol":41,"Attleboro":264,"Auburn":-6,"Avon":-22,"Ayer":19,"Barnstable":339,"Barre":51,"Becket":7,"Bedford":38,"Belchertown":124,"Bellingham":58,"Belmont":176,"Berkley":-2,"Berlin":28,"Bernardston":23,"Beverly":36,"Billerica":0,"Blackstone":43,"Blandford":18,"Bolton":18,"Boston":7760,"Bourne":115,"Boxborough":13,"Boxford":-6,"Boylston":12,"Braintree":-378,"Brewster":211,"Bridgewater":61,"Brimfield":-4,"Brockton":761,"Brookfield":42,"Brookline":-932,"Buckland":23,"Burlington":40,"Cambridge":1341,"Canton":-238,"Carlisle":44,"Carver":26,"Charlemont":23,"Charlton":39,"Chatham":105,"Chelmsford":136,"Chelsea":485,"Cheshire":88,"Chester":13},"pct_votes":{"Abington":0.036091549295775,"Acton":0.021999043519847,"Acushnet":0.14664804469274,"Adams":0.52614379084967,"Agawam":-0.030040733197556,"Alford":-0.038461538461538,"Amesbury":0.097040605643496,"Amherst":0.022506925207756,"Andover":-0.025998731769182,"Aquinnah":0.093333333333333,"Arlington":0.12278550013628,"Ashburnham":0.23202614379085,"Ashby":0.3125,"Ashfield":0.12758620689655,"Ashland":0.055555555555556,"Athol":0.082995951417004,"Attleboro":0.14617940199336,"Auburn":-0.0058651026392962,"Avon":-0.06547619047619,"Ayer":0.049095607235142,"Barnstable":0.086501658586374,"Barre":0.12655086848635,"Becket":0.053030303030303,"Bedford":0.025503355704698,"Belchertown":0.13304721030043,"Bellingham":0.090625,"Belmont":0.044829342842588,"Berkley":-0.0082304526748971,"Berlin":0.10332103321033,"Bernardston":0.16666666666667,"Beverly":0.0091509913573971,"Billerica":0,"Blackstone":0.12146892655367,"Blandford":0.23684210526316,"Bolton":0.049315068493151,"Boston":0.1382283261191,"Bourne":0.082674335010784,"Boxborough":0.029279279279279,"Boxford":-0.0088888888888889,"Boylston":0.037617554858934,"Braintree":-0.11433756805808,"Brewster":0.17481358740679,"Bridgewater":0.052722558340536,"Brimfield":-0.021276595744681,"Brockton":0.14155505952381,"Brookfield":0.2,"Brookline":-0.13016759776536,"Buckland":0.125,"Burlington":0.020768431983385,"Cambridge":0.10949620315179,"Canton":-0.12460732984293,"Carlisle":0.076655052264808,"Carver":0.045060658578856,"Charlemont":0.26136363636364,"Charlton":0.089861751152074,"Chatham":0.15532544378698,"Chelmsford":0.052107279693487,"Chelsea":0.29269764634882,"Cheshire":0.46073298429319,"Chester":0.17333333333333}},"margin_total":{"n_votes":32169,"pct_votes":0.059647886671055},"candidate":{"CandidateID":"36385859","first_name":"Martha","last_name":"Coakley","party":"Dem","id":"9549","CandidateToElection":{"n_votes":"228754","display_name":"Martha Coakley","party":"Democratic","candidate_id":"9549","pct_candidate_votes":0.42415656898102,"is_winner":1}},"opponent":{"CandidateID":"36386883","first_name":"Steve","last_name":"Grossman","party":"Dem","id":9793,"CandidateToElection":{"n_votes":"196585","display_name":"Steve Grossman","party":"Democratic","candidate_id":9793,"pct_candidate_votes":0.36450868230997,"is_winner":0}},"localities_reporting":["Abington","Acton","Acushnet","Adams","Agawam","Alford","Amesbury","Amherst","Andover","Aquinnah","Arlington","Ashburnham","Ashby","Ashfield","Ashland","Athol","Attleboro","Auburn","Avon","Ayer","Barnstable","Barre","Becket","Bedford","Belchertown","Bellingham","Belmont","Berkley","Berlin","Bernardston","Beverly","Billerica","Blackstone","Blandford","Bolton","Boston","Bourne","Boxborough","Boxford","Boylston","Braintree","Brewster","Bridgewater","Brimfield","Brockton","Brookfield","Brookline","Buckland","Burlington","Cambridge","Canton","Carlisle","Carver","Charlemont","Charlton","Chatham","Chelmsford","Chelsea","Cheshire","Chester"]},"errors":{"flash_error":[],"flash_notify":[],"flash_success":[]}}